Rede von Guy Verhofstadt anläßlich des FDP Europakongresses in München,23-06-2013,European Parliament,Guy Verhofstadt,1182,"Love Nadja, dear friends,Dear Sir or Madam,really, it is to me a great pleasure here in Munich and attend the Congress of Europe.For two reasons: It is the first time that I speak on a FDP congress.But above all, dear friends, it is an honor to share the stage with a great European. A great Liberal. Hans-Dietrich Genscher.Mr Genscher, you must know that you are a role model for all of us. They are living proof that our opponents are wrong. Our opponents say - and that they repeat every day - that is, too much market economy is due to too much liberalism that we are in trouble. That we are in the midst of a crisis. Our opponents make Europe also responsible for all other ills of the world.Well, ladies and gentlemen, dear friends, our enemies are wrong. We do not get stuck in the midst of a crisis because of too much liberalism, not because of too much market economy. But because of too little liberalism. Insufficient market economy. And we're not even in this crisis because of too much Europe, too much European Union, but due to we (e) nig Europe, too few European Union.Yes, the European Union today is not liberal enough. We must complete the internal market. We need to create a digital Europe. We need to complete a transatlantic free trade agreement as soon as possible.No, it is not true that the financial crisis has proved that the Liberals are wrong. Liberalism is not a wild capitalism.Liberalism is not the absence of a referee, a state or state authority.Liberals know full well that there must be rules.A market without rules is not a free trade area but a jungle. A jungle where the law of the jungle will prevail. But dear friends, we need not only more liberal for our economy.We must also underpin our society with our liberal principles and liberal values. Suppose, for example, Hungary. It is simply unacceptable that in one of our Member States, the Constitution is being misused against political opponents, is used as a weapon to create what John Stuart Mill called the ""dictatorship of the majority"" ( ""dictates of opinion""). A majority, which curtails the rights of minorities, the disabled the justice system, which undermines the independence of the Constitutional Court, and restricts freedom of religion.Until our last breath, even if we are all standing there alone, completely isolated, we Liberals will fight against it. Within the EU, in Hungary. Outside Europe, in Russia or Turkey, in China, in each still so deserted corner of the globe.With the same zeal, and I say this emphatically, we will protect our privacy. We have brought the European Parliament to vote against the so-called SWIFT agreement that would have allowed to transmit personal data to the United States without inspection. Today we are the champions in Liberal Prism scandal, in which the United States tap into all our conversations, view all our emails, and other digital data. We can not allow, without control or guarantees from the European Union, the. But there are not only too little liberalism.There is also too little Europe.And when I say ""Europe"", I mean not the European Union of today, which is badly governed, which is based on intergovernmentalism, ruled intergouvernemental.Can you imagine how it would be if America would be managed by the 50 (fifty) governors of the United States? No Obama, no American government. Only 50 (fifty) governors, the five- or six times to take a year to make political decisions.Would that work?I do not think so.Well, that is exactly as today Europe is governed.Let me put it more clearly.Suppose your country, Germany.Can you imagine (I do not know, maybe here in Bavaria ...?) That Germany would governed by the 16 (sixteen) Prime Minister of the country? No Chancellor. No federal government. Only country representatives, who see themselves five times a year and make decisions? Unanimously?That would be like at the beginning of the 19th (nineteenth) century. A loose coalition of hundreds of small states, countries, kingdoms, principalities, counties, duchies, bishoprics, city-states, municipalities, local authorities .......Really, I am repeating myself, but that's exactly the way we govern Europe today.There is only one way forward.There is only one way to tackle our problems today.And that is that we need more Europe in the globalized world of tomorrow. Only through a deeper Europe we can defend our model, our liberal principles and our values.Only then can we regain our sovereignty again, given the opportunity to take our destiny back into their own hands.Let me you clearly keep in mind, in 2040 - now in 20 years - there will be no single EU member state more, of the G (s) 8 summit will be represented. And it will not be Cameron who invites. That I can promise you!The banking crisis leaves us we (e) nig leeway.The core of the crisis is that banks simply just not lending. This is the true crisis. It flows out of money by the banks to the real economy, the small and medium businesses. And you and I know that the small and medium enterprises are the backbone of the European economy.As a European Union, a European banking union, a European solution can manage it again.With a single regulatory apparatus, a single supervisory body. And a single resolution fund for banks, in which the banks have to pay themselves. It can not be that the German taxpayer or the Belgian savers must always pay the bill.So MORE Europe is the solution. Not the problem.It would also be a disaster for Germany, if we had we (e) niger Europe.""The Alternative for Germany"" would in my opinion no ""Alternative for Germany"" but suicide for Germany.Anyway, it's complete nonsense, what suggest that it was splitting the euro into north and south, it was to go back to the old currencies again. Let me be quite clear what the ""Alternative for Germany"" proposing would for Germany a drama: the collapse of the German export business, the end of the German export miracle.And I say that not only along. There is sufficient evidence.Suppose the analysis of the Dutch ING Bank. The viewed in detail, what are the consequences of the collapse of the euro. The consequences are clear. There would be an economic meltdown in Europe. A meltdown of the economy, whose first victims would be Germany.* The currencies of Europe's largest markets for German industrial goods would shrink by 20%. * The new D-Mark would collapse on the same level as the dollar, lose 20% of its value immediately. * In the first two years after the collapse of the euro, the German gross domestic product would shrink by about 10%.I repeat, this is not an option for Germany, which is German suicide. And - by the way - a nightmare for Europe.Dear friends, we do not really need an alternative for Germany, but an ""alternative for Europe"".With a political union and a genuine European government.With a European financial manager.And as I have said, included a banking union, resolution funds.We have a choice. Either we remain a loose association of states that have nothing to decide.Or we go forward to the United States of Europe.I know what I will decide.I hope that's your choice.",love nadja dear friend dear sir madam realli great pleasur munich attend congress europ two reason first time speak fdp congress dear friend honor share stage great european great liber hansdietrich genscher mr genscher must know role model us live proof oppon wrong oppon say repeat everi day much market economi due much liber troubl midst crisi oppon make europ also respons ill world well ladi gentlemen dear friend enemi wrong get stuck midst crisi much liber much market economi littl liber insuffici market economi re even crisi much europ much european union due e nig europ european union yes european union today liber enough must complet intern market need creat digit europ need complet transatlant free trade agreement soon possibl true financi crisi prove liber wrong liber wild capit liber absenc refere state state author liber know full well must rule market without rule free trade area jungl jungl law jungl prevail dear friend need liber economi must also underpin societi liber principl liber valu suppos exampl hungari simpli unaccept one member state constitut misus polit oppon use weapon creat mill call dictatorship major dictat opinion major curtail right minor disabl justic system undermin independ constitut court restrict freedom religion last breath even stand alon complet isol liber fight within eu hungari outsid europ russia turkey china still desert corner globe zeal say emphat protect privaci brought european parliament vote socal swift agreement would allow transmit person data unit state without inspect today champion liber prism scandal unit state tap convers view email digit data allow without control guarante european union littl liber also littl europ say europ mean european union today bad govern base intergovernment rule intergouvernement imagin would america would manag fifti governor unit state obama american govern fifti governor five six time take year make polit decis would work think well exact today europ govern let put clear suppos countri germani imagin know mayb bavaria germani would govern sixteen prime minist countri chancellor feder govern countri repres see five time year make decis unanim would like begin th nineteenth centuri loos coalit hundr small state countri kingdom princip counti duchi bishopr cityst municip local author realli repeat exact way govern europ today one way forward one way tackl problem today need europ global world tomorrow deeper europ defend model liber principl valu regain sovereignti given opportun take destini back hand let clear keep mind year singl eu member state g summit repres cameron invit promis bank crisi leav us e nig leeway core crisi bank simpli lend true crisi flow money bank real economi small medium busi know small medium enterpris backbon european economi european union european bank union european solut manag singl regulatori apparatus singl supervisori bodi singl resolut fund bank bank pay german taxpay belgian saver must alway pay bill europ solut problem would also disast germani e niger europ altern germani would opinion altern germani suicid germani anyway complet nonsens suggest split euro north south go back old currenc let quit clear altern germani propos would germani drama collaps german export busi end german export miracl say along suffici evid suppos analysi dutch ing bank view detail consequ collaps euro consequ clear would econom meltdown europ meltdown economi whose first victim would germani currenc europ largest market german industri good would shrink new dmark would collaps level dollar lose valu immedi first two year collaps euro german gross domest product would shrink repeat option germani german suicid way nightmar europ dear friend realli need altern germani altern europ polit union genuin european govern european financi manag said includ bank union resolut fund choic either remain loos associ state noth decid go forward unit state europ know decid hope choic,"<p>Liebe Nadja, liebe Freunde,</p><p>sehr geehrte Damen und Herren,</p><p>wirklich, es ist mir eine große Freude hier in München zu sein und an dem Europakongress teilzunehmen.</p><p>Aus zwei Gründen: Es ist das erste Mal, dass ich auf einem FDP Kongress spreche.</p><p>Aber vor allem, liebe Freunde, ist es mir eine Ehre die Bühne zu teilen mit einem großartigen Europäer. Ein großer Liberaler. Hans-Dietrich Genscher.</p><p>Herr Genscher, Sie müssen wissen, dass Sie ein Vorbild für uns alle sind. Sie sind der lebende Beweis dafür, dass unsere Gegner Unrecht haben. Unsere Gegner sagen - und das wiederholen sie jeden Tag -, dass es an zu viel Liberalismus, zu viel Marktwirtschaft liegt, dass wir in Schwierigkeiten stecken. Dass wir uns inmitten einer Krise befinden. Unsere Gegner machen Europa gleichzeitig für alles  andere Übel der Welt verantwortlich.</p><p>Nun, meine Damen und Herren, liebe Freunde, unsere Gegner liegen falsch. </p><p>Wir stecken nicht inmitten einer Krise wegen zu viel Liberalismus, nicht wegen zu viel Marktwirtschaft. Sondern wegen zu wenig Liberalismus. Zu wenig Marktwirtschaft. Und wir sind auch nicht in dieser Krise wegen zu viel Europa, zu viel Europäischer Union, sondern wegen zu we(e)nig Europa, zu wenig Europäische Union.</p><p>Ja, die Europäische Union heute ist nicht liberal genug. Wir müssen den Binnenmarkt vollenden. Wir müssen ein digitales Europa schaffen. Wir müssen so schnell wie möglich ein transatlantisches Freihandelsabkommen abschließen.</p><p>Nein, es ist nicht richtig, dass die Finanzkrise bewiesen hat, dass die Liberalen falsch liegen. </p><p>Liberalismus ist kein wilder Kapitalismus.</p><p>Liberalismus ist nicht die Abwesenheit eines Schiedsrichters, eines Staates oder staatlicher Autorität.</p><p>Liberale wissen ganz genau, dass es Regeln geben muss.</p><p>Ein Markt ohne Regeln ist keine Freihandelszone, sondern ein Dschungel. Ein Dschungel, in dem das Recht des Stärkeren Vorrang hat. </p><p>Aber liebe Freunde, wir brauchen nicht nur mehr Liberalismus für unsere Wirtschaft.</p><p>Wir müssen auch unsere Gesellschaft mit unseren liberalen Prinzipien und liberalen Werten untermauern.</p><p> Nehmen wir Ungarn zum Beispiel. Es ist schlichtweg nicht akzeptabel, dass in einem unserer Mitgliedstaaten die Verfassung gegen den politischen Gegner missbraucht wird, als Waffe eingesetzt wird, um zu schaffen, was John Stuart Mill das ""dictatorship of the majority"" (""Diktat der Meinung"") genannt hat. Eine Mehrheit, die Minderheitenrechte beschneidet, die das Justizsystem aushebelt, die die Unabhängigkeit des Verfassungsgerichts untergräbt, und Religionsfreiheit einschränkt.</p><p>Bis zu unserem letzten Atemzug, sogar wenn wir ganz alleine da stehen werden, komplett isoliert, wir Liberale werden dagegen kämpfen. Innerhalb der EU, in Ungarn. Außerhalb Europas, in Russland oder der Türkei, in China, in jedem noch so verlassenen Winkel dieser Erde.</p><p>Mit demselben Eifer, und das sage ich ausdrücklich, werden wir unsere Privatsphäre schützen. Wir haben das Europäische Parlament dazu gebracht, gegen das sogenannte SWIFT Abkommen zu stimmen, dass es ermöglicht hätte, persönliche Daten an die Vereinigten Staaten zu übermitteln, ohne Kontrolle. Heute sind wir Liberale die Vorkämpfer im Prism Skandal, bei dem die USA alle unsere Gespräche anzapfen, alle unsere Emails und andere digitale Daten einsehen. Wir können das nicht zulassen, ohne Kontrolle oder Garantien seitens der Europäischen Union. </p><p>Aber es gibt nicht nur zu wenig Liberalismus.</p><p>Es gibt auch zu wenig Europa.</p><p>Und wenn ich ""Europa"" sage, meine ich nicht die Europäische Union von heute, die schlecht regiert wird, die auf Zwischenstaatlichkeit setzt, intergouvernemental regiert wird.</p><p>Können Sie sich vorstellen, wie es wäre, wenn Amerika von den 50 (fünfzig) Gouverneuren der USA verwaltet würde? Kein Obama, keine amerikanische Regierung. Nur 50 (fünfzig) Gouverneure, die sich fünf- oder sechsmal pro Jahr treffen, um politische Entscheidungen zu fällen.</p><p>Würde das funktionieren?</p><p>Ich glaube nicht.</p><p>Nun, dass ist genau so, wie heute Europa regiert wird.</p><p>Lassen Sie es mich noch klarer ausdrücken.</p><p>Nehmen wir Ihr Land, Deutschland.</p><p>Kann man sich vorstellen (ich weiß nicht, vielleicht hier in Bayern...?), dass Deutschland von den 16 (sechzehn) Ministerpräsidenten der Länder regiert würde? Keine Kanzlerin. Keine Bundesregierung. Nur Ländervertreter, die sich fünfmal pro Jahr sehen und Entscheidungen treffen? Einstimmig?</p><p>Das wäre so wie am Anfang des 19. (neunzehnten) Jahrhunderts. Ein loser Zusammenschluss hunderter kleiner Staaten, Länder, Königreiche, Fürstentümer, Grafschaften, Herzogtümer, Bistümer, Stadt-staaten,  Gemeinden, Kommunen .......</p><p>Wirklich, ich wiederhole mich, das ist aber genau so wie wir heute Europa regieren.</p><p>Es gibt nur einen Weg nach vorne.</p><p>Es gibt nur einen Weg, unsere heutigen Probleme anzugehen.</p><p>Und das ist, dass wir mehr Europa brauchen in der globalisierten Welt von morgen. Nur durch ein vertieftes Europa können wir unser Modell, unsere liberalen Prinzipien und unsere Werte verteidigen.</p><p>Nur so können wir unsere Souveränität wieder erlangen, die Möglichkeit erhalten, unser Schicksal wieder in die eigenen Hände zu nehmen.</p><p>Lassen Sie es mich Ihnen ganz klar vor Augen führen, 2040 - heute in 20 Jahren - wird es keinen einzigen EU-Mitgliedstaat mehr geben, der beim G(e)8-Gipfel repräsentiert sein wird. Und es wird nicht Cameron sein, der einlädt. Das kann ich Ihnen versprechen!</p><p>Die Bankenkrise lässt uns we(e)nig Spielraum.</p><p>Der Kern der Krise liegt darin, dass die Banken einfach kein Geld mehr geben. Das ist die wahre Krise. Es fließt kein Geld mehr von den Banken an die Realwirtschaft, an die kleinen und mittelständischen Unternehmen. Und Sie und ich wissen, dass die kleinen und mittelständischen Unternehmen das Rückrat der europäischen Wirtschaft sind.</p><p>Nur eine Europäische Union, eine europäische Bankenunion, eine europäische Lösung kann das wieder hinbekommen.</p><p>Mit einem einzigen Regulierungsapparat, einem einzigen Aufsichtsorgan. Und einem einheitlichen Abwicklungsfonds für Banken, in den die Banken selbst einzahlen müssen. Es kann nicht sein, dass der deutsche Steuerzahler oder der belgische Sparer immer die Rechnung zahlen muss.</p><p>Also, MEHR Europa ist die Lösung. Nicht das Problem.</p><p>Es wäre auch eine Katastrophe für Deutschland, wenn wir we(e)niger Europa hätten.</p><p>""Die Alternative für Deutschland"" wäre meiner Meinung nach keine ""Alternative für Deutschland"", sondern Selbstmord für Deutschland.</p><p>Jedenfalls ist es ja kompletter Schwachsinn, was die vorschlagen, sei es den Euro in Nord und Süd aufzuteilen, sei es wieder zurück zu den alten Währungen zu gehen. </p><p>Lassen Sie es mich ganz klar sagen, was die ""Alternative für Deutschland"" vorschlägt, wäre für Deutschland ein Drama: der Zusammenbruch der deutschen Exportgeschäfte, das Ende des deutschen Exportwunders.</p><p>Und ich sage das nicht nur so dahin. Dafür gibt es ausreichend Beweise.</p><p>Nehmen wir die Analyse der holländischen ING Bank. Die haben sich im Detail angesehen, welche Konsequenzen der Zusammenbruch des Euro hätte. Die Folgen sind klar. Es würde zu einem wirtschaftlichen Supergau Europas kommen. Ein Supergau der Wirtschaft, dessen erstes Opfer Deutschland wäre.</p><p>* Die Währungen der größten europäischen Märkte für deutsche Industriegüter würden um 20% schrumpfen. </p><p>* Die neue D-Mark würde auf dasselbe Niveau wie der Dollar einbrechen, sofort 20% ihres Wertes einbüssen. </p><p>* In den ersten zwei Jahren nach dem Zusammenbruch des Euro würde das deutsche Bruttoinlandsprodukt um ungefähr 10% schrumpfen.</p><p>Ich wiederhole mich, das ist keine Alternative für Deutschland, das ist deutscher Selbstmord.  Und - nebenbei - ein Albtraum für Europa.</p><p>Liebe Freunde, wir brauchen nicht wirklich eine Alternative für Deutschland, sondern eine ""Alternative für Europa"".</p><p>Mit einer politischen Union und einer echten europäischen Regierung.</p><p>Mit einem europäischen Finanzverwalter.</p><p>Und wie ich schon gesagt habe, mit einer Bankenunion, Abwicklungsfonds inbegriffen.</p><p>Wir haben die Wahl. </p><p>Entweder wir bleiben ein loser Verbund von Staaten, die nichts zu entscheiden haben.</p><p>Oder wir gehen vorwärts zu den Vereinigten Staaten von Europa.</p><p>Ich weiß, wofür ich mich entscheiden werde.</p><p>Ich hoffe, das ist auch Ihre Wahl.</p>",entr
Speech by Guy Verhofstadt - Intervention in plenary - Visit Hollande,05-02-2013,European Parliament,Guy Verhofstadt,779,"Intervention Guy VerhofstadtNovember 21 2012Visit Hollande   Mister President, Let me first congratulate the Liberal who is in you. I do not want you to problems with your socialist friends, but your fight for marriage for all is progress and a new freedom, the essence of our liberalism.  There are sixty years Jean Monnet said, ""We are uniting people, we are not forming coalitions of states."" That remains true. Our Union is meaningful only if it becomes a true federation of peoples and nations. What Winston Churchill called the ""United States of Europe"".For Monnet and Churchill this Union was a distant dream, a mirage. Today it has become a duty, a duty vital for the survival of Europe. The world is no longer a planet 196 nation states, but a conglomeration of large, powerful federations, empires, civilizations. China is not a nation but a true civilization. India is a continent with 2,000 ethnic groups, 22 languages ​​and at least 4 major religions. The United States is multicultural country par excellence.Europe only has a future if it also made the leap to a large federation. An empire ""good"". European civilization is not a pipe dream, but a reality that can be seen and felt from the Volga to the Atlantic.Moreover, how to solve the financial crisis, economic recession, climate change. All these issues require common action, a comprehensive approach that goes beyond the limits of national sovereignty. It is at European level that we must defend our interests, improve our competitiveness, fight for our model of society. It is the European level that we must regain our ability to decide our own fate.France was the first country with England to have understood that a unification of its territory, its economy and its governance could be beneficial. France therefore has the vocation, I would say, the duty to push for further integration of our continent. La France know more than anyone that such parishes have disappeared in the 19th concert of nations, nations will no longer dominant in the 21st century.   A new battle will take place next Friday: future finances of the Union. I do not deny the current financial difficulties. But is that it's so difficult to explain to colleagues that in times of austerity it is better to pool scarce resources, to renationalise European policies as some beyond the sleeve advocate? Defense, diplomacy, research, innovation. Dozens billion to spare if working together in a strengthened European budget. As there are also millions to spare if we want to start a dialogue on the issue of the seat of our institutions.Unfortunately the reverse is happening. A political strabismus governs Europe. Worse, it is a real budget scam is brewing. By the commitments to the desired level by the cohesion countries and the payments to the desired level by contributing countries, it creates a real budget hole. 60 billion euro. This by government leaders who break our feet with austerity lessons. Hypocrite![I hear that it is only a technical problem. False. By these practices became Belgium in eighty years the ""sick man of Europe"". 136% of debt. 16% deficit. It took us 25 years to correct.]It may be strange that I ask you Mr. President. You who are socialist: say no. Let's not set. Not a financial framework that is not serious. And that is definitely not up to our challenges.Finally Mali. You made the right decision. It was not conceivable that a jihadist regime moved to Bamako.   But why does nothing to Syria? Two years of horrors. Tens of thousands of deaths. Hundreds of thousands of refugees. Every day lost to help the democratic rebellion is a day won by Islamist insurgents. Assad will fall, I'm sure. But it is the jihadists who are likely to win.  I beg you, give massive humanitarian aid. Let us establish an anti-air area north of Syria. And if we can not do that - give them at least the anti-aircraft weapons so that they can defend themselves.  You have been welcomed as a liberator in Mali. Join with your European colleagues as heroes of Syria. ",intervent verhofstadtnovemb visit holland mister presid let first congratul liber want problem socialist friend fight marriag progress new freedom essenc liber sixti year jean monnet said unit peopl form coalit state remain true union meaning becom true feder peopl nation winston churchil call unit state europ monnet churchil union distant dream mirag today becom duti duti vital surviv europ world longer planet nation state conglomer larg power feder empir civil china nation true civil india contin ethnic group languag least major religion unit state multicultur countri par excel europ futur also made leap larg feder empir good european civil pipe dream realiti seen felt volga atlant moreov solv financi crisi econom recess climat chang issu requir common action comprehens approach goe beyond limit nation sovereignti european level must defend interest improv competit fight model societi european level must regain abil decid fate franc first countri england understood unif territori economi govern could benefici franc therefor vocat would say duti push integr contin la franc know anyon parish disappear th concert nation nation longer domin st centuri new battl take place next friday futur financ union deni current financi difficulti difficult explain colleagu time auster better pool scarc resourc renationalis european polici beyond sleev advoc defens diplomaci research innov dozen billion spare work togeth strengthen european budget also million spare want start dialogu issu seat institut unfortun revers happen polit strabismus govern europ wors real budget scam brew commit desir level cohes countri payment desir level contribut countri creat real budget hole billion euro govern leader break feet auster lesson hypocrit hear technic problem fals practic becam belgium eighti year sick man europ debt deficit took us year correct may strang ask mr presid socialist say let set financi framework serious definit challeng final mali made right decis conceiv jihadist regim move bamako noth syria two year horror ten thousand death hundr thousand refuge everi day lost help democrat rebellion day won islamist insurg assad fall m sure jihadist like win beg give massiv humanitarian aid let us establish antiair area north syria give least antiaircraft weapon defend welcom liber mali join european colleagu hero syria,"<p>Intervention Guy Verhofstadt</p><p>November 21 2012</p><p>Visit Hollande 
</p><p> </p><p>Monsieur le Président</p><p>,
</p><p>Permettez-moi tout d'abord de féliciter le libéral qui est en vous. Je ne veux pas vous créer des problèmes chez vos amis socialistes, mais votre combat pour le mariage pour tous est un progrès et une nouvelle liberté, l'essence même de notre libéralisme. 
</p><p>Il y a soixante ans Jean Monnet disait, ""Nous unissons des hommes, nous ne coalisons pas des états"". Ça reste vrai. Notre Union n'a de sens que si elle devient une véritable fédération de peuples et de nations. Ce que Winston Churchill appelait les ""États Unies d'Europe"".
</p><p>Pour Monnet et Churchill cette Union n'était qu'un rêve lointain, un mirage. Aujourd'hui elle est devenue un devoir, un devoir vital pour la survie de  l'Europe. Le monde n’est plus une planète de 196 états nations, mais un conglomérat de grandes et puissantes fédérations, empires, civilisations. La Chine n'est pas une nation, mais une véritable civilisation. L'Inde est un continent qui regroupe 2000 ethnies, 22 langues et au moins 4 grandes religions. Les États Unies sont le pays multiculturel par excellence.
</p><p>L'Europe n'a qu'un avenir si elle aussi fait le saut vers une grande fédération. Un empire « du bon ». La civilisation européenne n'est pas une chimère, mais une réalité, qui peut être vu et ressenti de la Volga à l'Atlantique.
</p><p>De plus, comment résoudre la crise financière, la récession économique, le changement climatique. Tous ces dossiers demandent une action commune, une approche globale qui dépasse les limites de la souveraineté nationale. C'est au niveau Européen qu'il faut défendre nos intérêts, améliorer notre compétitivité, lutter pour notre modèle de société. C'est au niveau Européen qu'il faut regagner notre capacité de décider sur notre propre sort.
</p><p>La France a été le premier pays avec l'Angleterre à avoir compris qu'une unification de son territoire, de son économie et de sa gestion publique pourrait être bénéfique. La France a donc la vocation, je dirais même, le devoir de pousser pour une nouvelle intégration de notre continent. La France sais plus que quiconque que comme les paroisses ont disparus dans le concert des nations du 19ième, les nations ne seront plus dominantes dans le 21ième siècle.  
</p><p>Une nouvelle bataille se déroulera vendredi prochain : les futures finances de l’Union. Je ne nie pas les difficultés financières actuelles. Mais est-ce que c’est si difficile de faire comprendre à vos collègues qu'en temps d'austérité mieux vaut mettre en commun les rares ressources, que de renationaliser les politiques européennes comme certaines au delà de la manche le préconisent ? Défense, diplomatie, recherche, innovation. Des dizaines de milliards sont à épargner si on collabore ensemble dans le cadre d'un budget Européen renforcé. Comme il y a aussi des millions à épargner si on veut entamer le dialogue sur la question du siège de nos institutions.
</p><p>Malheureusement c'est l'inverse qui se produit. Un strabisme politique gouverne l'Europe. Pire, c'est une véritable escroquerie budgétaire qui se prépare. En mettant les engagements au niveau souhaité par les pays de cohésion et les payements au niveau souhaité par les pays contributeurs, on crée un véritable trou budgétaire. 60 milliards d'euro. Ceci par des chefs de gouvernement qui nous cassent les pieds avec des leçons d'austérité. Hypocrite !
</p><p>[J'entends dire que ce n'est qu'un problème technique. Faux. Par ces mêmes pratiques la Belgique était devenue dans les années quatre-vingts le ""malade de l'Europe"". 136 % de dette. 16 % de déficit. Ça nous a pris 25 ans pour le corriger.]
</p><p>C'est peut être étrange que je vous le demande Monsieur le Président. Vous qui êtes socialiste: dites non. Disons non ensemble. Non a un cadre financier qui n'est pas sérieux.  Et qui n'est certainement pas à la hauteur de nos défis.
</p><p>Finalement le Mali. Vous avez pris la bonne décision. Il n'était pas concevable qu'un régime djihadiste s'installe à Bamako.  
</p><p>Mais pourquoi on ne fait rien pour la Syrie?
</p><p>Deux ans d'horreurs. Des dizaines de milliers de morts. Des centaines de milliers de réfugiés. Chaque jour perdu à aider la rébellion démocratique est un jour gagné par les insurgés islamistes. Assad tombera, j'en suis sure. Mais ce sont les djihadistes qui risquent de gagner. 
</p><p>Je vous en supplie, donnons une aide humanitaire massive. Etablissons une zone anti-aérienne au nord de la Syrie. Et si nous ne pouvons pas faire cela - donnons leur au moins les armes anti-aériennes pour qu'ils puissent se défendre eux-mêmes. 
</p><p>Vous avez été accueilli en libérateur au Mali. Devenez avec vos collègues européens aussi les héros de la Syrie.
</p><p> </p>",entr
Speech by Guy Verhofstadt on the future of Europe,09-05-2012,European Parliament,Guy Verhofstadt,561,"Dear President, Dear colleagues,Let me paraphrase the newly elected President in France ""change is now."" I would rather say ""Europe is changing."" And we need to ""Europe now"".Become aware of the seriousness of the crisis in which we find ourselves. Europe is being marginalized. Europe is facing a trend rate of growth and innovation in the exact opposite of an incredible emerging countries catch up.  Europe knows at the same time an aging population, in a world that greatly rejuvenated, a world that will soon be ten billion inhabitants.Europe remains fragmented, divided by its nation states, in a world increasingly dominated by the major economic and political empires.Dear colleagues, contrary to what is said, this crisis is not a crisis of the global economy, even a global finance crisis. What we saw is a European crisis, especially a crisis of European states. In recent years, Europe is sailing without horizon, without ambition, without hope. Apparently unable to find a new course, to find durable solutions. 9 May, we must be aware of our inability to respond to this crisis, other than the small steps policy. We must be aware of the need for a great leap forward, a federal grand leap. Indeed, dear colleagues, Europe will be federal or will not. The choice is that simple. Do not mince words. A federal solution is necessary. A solution that will give us a real economic government. A real democratic control.A true European treasure.A real federal budget too. And why not, a solution that will bring us one day a real European army. We do not have a choice.European federalism is the only way to integrate into globalization. And the only way to negotiate as equals. The only way to maintain our economic and political role. And the only way to protect our social model too. Dear President, dear colleagues, today we must turn a page. Page of illusion. The illusion of some who believe that only austerity will get us out of the crisis. The illusion of others who think that growth will return without putting in order the public finances.This is a great mistake to oppose each other. We must not choose between fiscal discipline and solidarity. Between rigor and growth. We need both. fl growth rigor, discipline fl solidarity.More concrete, dear colleagues,- The fiscal compact must not be changed, but growth must be added to the fiscal compact. - The EIB's capital must be increased. All the European funds available must be deployed. The Co-financing levels must be brought down. - And projects bonds finally, must see the light of day. And secondly, a mutualisation of the debt, a redemption fund, is needed. Let's pay less interest to the bond holders, so new money comes available for investment and growth. My conclusion this 9th of May is clear, if Europe wants to survive, we need federalism, European federalism.Federalism is not something to be afraid of.Federalism is the future of our continent.And this future starts now. ",dear presid dear colleagu let paraphras newli elect presid franc chang would rather say europ chang need europ becom awar serious crisi find europ margin europ face trend rate growth innov exact opposit incred emerg countri catch europ know time age popul world great rejuven world soon ten billion inhabit europ remain fragment divid nation state world increas domin major econom polit empir dear colleagu contrari said crisi crisi global economi even global financ crisi saw european crisi especi crisi european state recent year europ sail without horizon without ambit without hope appar unabl find new cours find durabl solut may must awar inabl respond crisi small step polici must awar need great leap forward feder grand leap inde dear colleagu europ feder choic simpl minc word feder solut necessari solut give us real econom govern real democrat control true european treasur real feder budget solut bring us one day real european armi choic european feder way integr global way negoti equal way maintain econom polit role way protect social model dear presid dear colleagu today must turn page page illus illus believ auster get us crisi illus other think growth return without put order public financ great mistak oppos must choos fiscal disciplin solidar rigor growth need fl growth rigor disciplin fl solidar concret dear colleagu fiscal compact must chang growth must ad fiscal compact eib capit must increas european fund avail must deploy cofinanc level must brought project bond final must see light day second mutualis debt redempt fund need let pay less interest bond holder new money come avail invest growth conclus th may clear europ want surviv need feder european feder feder someth afraid feder futur contin futur start,"<p>Cher Président, Cher collègues,</p><p>Laissez-moi paraphraser le nouveau Président élu en France ""le changement, c'est maintenant"". Je dirai plutôt ""l'Europe, c'est le changement"". Et on a besoin de ""l'Europe maintenant"".</p><p>Prenons conscience de la gravité de la crise, dans lequel nous nous trouvons. </p><p>L'Europe est en train d'être marginalisée. </p><p>L'Europe est confrontée à un ralentissement tendanciel de sa croissance et de l'innovation à l'opposé exacte d'un incroyable mouvement de rattrapage des pays émergents.  </p><p>L'Europe connait au même moment un vieillissement de sa population, dans un monde qui rajeuni considérablement, un monde qui aura bientôt dix milliards d'habitants.</p><p>L'Europe reste morcelée, divisée, par ses États-nations, dans un monde de plus en plus dominé par des grands empires économiques et politiques.</p><p>Cher collègues, contrairement à ce qu'on prétend, cette crise n'est pas une crise de l'économie mondiale, même pas une crise de la finance mondiale. Ce qu'on vit, c'est une crise européenne, et plus particulièrement une crise des États européens. </p><p>Depuis quelques années, l'Europe navigue sans horizon, sans ambition, sans espoir. Apparemment incapable de trouver un nouveau cap, de trouver des solutions durables. </p><p>Ce 9 mai, il faut prendre conscience de notre incapacité de répondre à cette crise, autrement que par la politique des petits pas. </p><p>Il faut prendre conscience de la nécessité d'un grand saut en avant, un grand bond fédéral. </p><p>En effet, cher collègues, l'Europe sera fédérale ou ne sera pas. </p><p>Le choix est aussi simple que ça. </p><p>N'ayons pas peur des mots. </p><p>Une solution fédérale s'impose. </p><p>Une solution qui nous donnera un vrai gouvernement économique. </p><p>Un vrai control démocratique.</p><p>Un vrai trésor européen.</p><p>Un vrai budget fédéral aussi. </p><p>Et pourquoi pas, une solution qui nous amènera un jour une vraie armée européenne. </p><p>On n'a pas le choix.</p><p>Le fédéralisme européen est la seule façon pour nous intégrer dans la globalisation.  Et la seule façon pour négocier d'égale à égale. La seule façon pour maintenir notre rôle économique et politique. Et la seule façon de protéger notre model sociale aussi. </p><p>Cher Président, cher collègues, il faut aujourd'hui tourner une page. La page de l'illusion. </p><p>L'illusion des uns qui croient que seule l'austérité va nous sortir de la crise. </p><p>L'illusion des autres qui pensent que la croissance pourra revenir sans mettre en ordre les finances publiques.</p><p>C'est une grande erreur d'opposer l'un à l'autre. Il ne faut pas choisir entre discipline budgétaire et solidarité. Entre rigueur et croissance. Il nous faut les deux. Croissance ét rigueur, discipline ét solidarité.</p><p>More concrete, dear colleagues,</p><p>- The fiscal compact must not be changed, but growth must be added to the fiscal compact. </p><p>- The EIB's capital must be increased. All the European funds available must be deployed. The Co-financing levels must be brought down. </p><p>- And projects bonds finally, must see the light of day. </p><p>And secondly, a mutualisation of the debt, a redemption fund, is needed. </p><p>Let's pay less interest to the bond holders, so new money comes available for investment and growth. </p><p>My conclusion this 9th of May is clear, if Europe wants to survive, we need federalism, European federalism.</p><p>Federalism is not something to be afraid of.</p><p>Federalism is the future of our continent.</p><p>And this future starts now. </p>",entr
Speech by Guy Verhofstadt on PPV,12-03-2012,European Parliament,Guy Verhofstadt,352,"My group, President, for the initiative of Mr Wilders only contempt. It is a shame. It is unacceptable.But this does not just fall from the sky. The real reason for this initiative lies in the sudden loss of popularity of his party. Minimum seven seats. The first time it happened to. Reason: the criticism he spouted by Queen Beatrix for wearing with a state visit to Oman headscarves. The Dutch tasted Wilders criticized their Queen not. Rightly so.But then quickly find another victim, he must have thought: the east-European. And he promptly opened a hotline against the presence in the Netherlands, Poland, Slovaks, Bulgarians and other Eastern Europeans.That being said, I agree wholeheartedly with my colleague Daul, that the silence of the Dutch government can not. Whether this is a party matter and not as claimed by the Dutch government, does not matter. We have a right to know what the Dutch authorities think of an initiative from one of her ""illustrious"" nationals anywhere on its territory.In any case, I have Prime Minister Rutte personally spoken to. I hope, dear colleague, Daul you have done the same thing. Have you phoned Maxime Verhagen, Deputy Prime Minister of the Dutch government, the leader of the Christian Democrats? I have here his reaction. He also refused to comment. Just like Rutte.But in the same breath and certainly more serious for Europe than the silence of the Dutch government is the noise made by your candidate for the French presidency. Put half of the immigrants out, stigmatize the Muslim community on the ""halal"" threaten European partners, jeopardizing the Schengen acquis, this is a behavior that is certainly not worthy of a French President. almost racist language, in any case xenophobic. Sometimes I wonder who is the candidate of the extreme right. Her where Le Pen.Are you going to hide that too? As you did with Orban in Hungary. [The file with the Speech -ARCHIVE - is available here]",group presid initi mr wilder contempt shame unaccept fall sky real reason initi lie sudden loss popular parti minimum seven seat first time happen reason critic spout queen beatrix wear state visit oman headscarv dutch tast wilder critic queen right quick find anoth victim must thought easteuropean prompt open hotlin presenc netherland poland slovak bulgarian eastern european said agre wholeheart colleagu silenc dutch govern whether parti matter claim dutch govern matter right know dutch author think initi one illustri nation anywher territori case prime minist rutt person spoken hope dear colleagu done thing phone maxim verhagen deputi prime minist dutch govern leader christian democrat reaction also refus comment like rutt breath certain serious europ silenc dutch govern nois made candid french presid put half immigr stigmat muslim communiti halal threaten european partner jeopard schengen acqui behavior certain worthi french presid almost racist languag case xenophob sometim wonder candid extrem right le pen go hide orban hungari file speech archiv avail,"<p>Mijn groep, Voorzitter,  heeft voor het initiatief van de heer Wilders alleen maar misprijzen. Het is een schande. Het is onaanvaardbaar.</p><p>Maar dit komt zomaar niet uit de lucht vallen. De werkelijke reden voor dit initiatief ligt in het plotselinge verlies aan populariteit van zijn partij. Min zeven zetels. De eerste maal dat hem dat overkwam. Reden: de kritiek die hij spuide op Koningin Beatrix omdat ze bij een staatsbezoek aan Oman een hoofddoek droeg. De Nederlanders smaakten Wilders kritiek op hun Koningin niet. En terecht.</p><p>Dan maar snel een ander slachtoffer vinden, moet hij gedacht hebben: de oost-Europeaan. En hij opende prompt een meldpunt tegen de aanwezigheid in Nederland van Polen, Slovaken, Bulgaren en andere oost-Europeanen.</p><p>Dat gezegd zijnde, ik ben het volmondig eens met mijn collega Daul dat het stilzwijgen van de Nederlandse regering niet kan. Of dit nu een partijzaak is of niet zoals de Nederlandse regering beweert, doet er niet toe. We hebben het recht te weten wat de Nederlandse autoriteiten denken van een initiatief van een van haar ""illustere"" onderdanen, ergens op haar grondgebied.</p><p>In elk geval heb ik er Minister President Rutte persoonlijk op aan gesproken. </p><p>J'espère, cher collègue, Daul que vous avez fait la même chose. Avez vous téléphoné à Maxime Verhagen, le vice premier ministre du gouvernement hollandais, le chef de file des démocrates chrétiens ? J'ai ici sa réaction. Il refuse aussi de se prononcer. Exactement comme Rutte.</p><p>Mais dans la même foulée et certainement plus grave pour l'Europe que le silence du gouvernement hollandais est le bruit que fait votre candidat pour la présidence française. Mettre la moitié des immigrés dehors, stigmatiser la communauté musulman sur le ""halal"", menacer les partenaires européens, mettre en péril l'acquis de Schengen, voilà un comportement qui n'est certainement pas digne d'un Président Français. Langage presque raciste, en tout cas xénophobe. Je me demande parfois qui est le candidat de l'extrême droite. Lui où Le Pen.</p><p>Est ce que vous allez camoufler ça aussi ? Comme vous avez fait avec Orban en Hongrie. </p><p>[The file with the Speech -ARCHIVE - </p><p>is available here</p><p>]</p>",entr
Le Grand Direct de Guy Verhofstadt,07-03-2012,European Parliament,Guy Verhofstadt,40,"Guy Verhofstadt Live dupuis RTL-TVI answering questions from Laurent Haulotte. How to get out of the Greek crisis? Europe has it become too liberal? At CRL to STB, the former prime minister is he still passionate Belgian politics?",live dupui rtltvi answer question laurent haulott get greek crisi europ becom liber crl stb former prime minist still passion belgian polit,"<p>Guy Verhofstadt</p><p> en direct dupuis RTL-TVI répondant aux questions de </p><p>Laurent Haulotte</p><p>.
</p><p>Comment sortir de la crise grecque ?
</p><p>L’Europe est-elle devenue trop libérale ?
</p><p>À BRU et à STB, l’ancien Premier ministre est-il toujours passionné par la politique belge ?</p>",entr
"Speech by Guy Verhofstadt on the State of the Union, Strasbourg, 7 September 2010",09-09-2010,European Parliament,Guy Verhofstadt,1131,"Dear President of the Commission,Dear colleagues,Let us be honest.Last year was a difficult year for the Union.The problems were big, but the unity to solve them very small.Greece was on the brink of collapse.The euro under massive attack.It took several months before the European governments could finally agree to save a Member-State and to save our common currency. So, for me, it is no surprise that the confidence of the citizens in Europe dropped dramatically.The latest Eurobarometer shows that less than half of our citizens, think their country?s membership is a good thing.And the trust in our institutions dropped to 42 percent.This is alarming. But no surprise.Many times the this Parliament urged European leaders to end the standstill. To move forward. To quit protectionism and nationalism. And to work on 'European' solutions.And that is also what the European citizens are asking for. In the same Eurobarometer 86 percent of the people want a European economic governance. They believe that only the Union can provide solutions for the financial and economic crisis. But they don't see it happen. And that is the reason for their disappointment in the Union.Mister President,I know that for the Commission too it has been a difficult year. In fact it was only half a year. The time our capitals needed to realize there is a new Treaty.With a new way of working and a new balance of power.Therefore we can say that today, it is the real start of your second term. A second term that needs a new vision, new answers.In any case, it is time to change towards a higher gear. To realise this year seven important reforms.First of all finalising our response to the financial crisis.We have already provisions for capital requirements and bonuses. The stress tests have been undertaken. And last week we found an agreement in the new financial supervision. A good agreement I think. Not at least because the leadership of the President of the European Central Bank is a guarantee for the European approach to that supervision.But that doesn?t mean we are already there. Far from that. We are not even halfway. We still need the Commission to come forward urgently with legislative proposals on derivatives, on short selling, on credit rating agencies, on banking resolution, on market abuse and on trading and financial instruments.Secondly, we need genuine European economic governance. Last year has shown that a common currency without a common economic policy simply doesn?t make sense. It's nonsense. Even worse, it is a dangerous situation. We cannot afford to be one Union with 27 different economic strategies. It is crystal clear: if we want the Growth and Stability Pact and the new economic strategy to be a success, we need a serious ?carrot and stick? approach, with proper sanctions. It is good that the Council is thinking about this in a Taskforce. But this can?t replace the right of initiative, the duty of the Commission.There is no time to waste. Now the Commission must come forward with a global legislative proposal.Third priority: the Single Market, the engine of economic growth. On the table we have an excellent report of Mario Monti.  Our message is very simple: this report must be carried out. It is incomprehensible for example, that still today it takes almost forty hours to travel by train from Central ? and Eastern European countries to Brussels, Paris or Amsterdam. How are these people supposed to feel connected? How can these markets be fully integrated. Let us therefore urgently invest in new Trans European Networks. Our fourth priority concerns the budget and the new financial framework. Let's be very clear on this: the aim of some governments to reduce the budget with 20 or 30 percent is ridiculous in times when more European solutions are needed. I understand that to reduce their huge fiscal deficits, they want to cut their direct contributions to the Union. Hence our proposal to decrease national contributions and replace them by own European resources. Our fifth priority is about our credibility in the world. We are establishing an External Action Service to increase that credibility. But this is of course not enough. We ask Lady Ashton also to develop a new strategy for the Union?s external policy. The former framework from Javier Solana dates from 2003. Since then the world has changed, and so should our strategic framework.Because without strategic framework we will not be able to convince the world of our vision. As happened in the debate of climate change, where we must admit the European Union has lost its leadership. In Copenhagen we were only allowed to listen to the conclusions others had agreed on. And from what we know now, Cancun looks set for failure as well. There is only one way to turn the tide. The European Union must regain its leadership. By using one voice and promoting one vision. Finally Presidents, colleagues,I want to tell you my dismay. Yes confusion about what is basically the reason? Being of our Union, the protection of civil liberties and human rights. At the? Outside the EU? But especially to? Within the EU?.I mean solemnly that what is happening in France is unacceptable. Unacceptable. And unfortunately it? S not an isolated case. J? Noted that several governments face the challenges of the economic crisis gradually sink into a kind of populist temptation of xenophobia and racism.They are exploiting the anxieties and fear of the other?. They stigmatize minorities. They dubious amalgam around migration. I say emphatically: this attitude is incompatible with the principles and values ​​of our Union, one of the finest and largest political ideas that the mind and heart of man has been born, the most??? wide area of ​​freedom, justice, tolerance that the world has seen to date.J? Hear say with force, the Roma are European citizens, fully-fledged citizens. We can never accept their rights being violated. Never. In a world beset by all the uncertainty, Europe? S must remain more than ever the continent of freedom, tolerance and justice.The Commission, Mr. Speaker, guardian of the Treaties, should respond without any concession. It is not his right is his institutional duty.This is the existential foundation of Europe. No more no less. From these roots anchored in the heart of our consciousness of European?. Thank you for your attention.",dear presid commiss dear colleagu let us honest last year difficult year union problem big uniti solv small greec brink collaps euro massiv attack took sever month european govern could final agre save memberst save common currenc surpris confid citizen europ drop dramat latest eurobaromet show less half citizen think countri membership good thing trust institut drop percent alarm surpris mani time parliament urg european leader end standstil move forward quit protection nation work european solut also european citizen ask eurobaromet percent peopl want european econom govern believ union provid solut financi econom crisi see happen reason disappoint union mister presid know commiss difficult year fact half year time capit need realiz new treati new way work new balanc power therefor say today real start second term second term need new vision new answer case time chang toward higher gear realis year seven import reform first finalis respons financi crisi alreadi provis capit requir bonus stress test undertaken last week found agreement new financi supervis good agreement think least leadership presid european central bank guarante european approach supervis doesn mean alreadi far even halfway still need commiss come forward urgent legisl propos deriv short sell credit rate agenc bank resolut market abus trade financi instrument second need genuin european econom govern last year shown common currenc without common econom polici simpli doesn make sens nonsens even wors danger situat cannot afford one union differ econom strategi crystal clear want growth stabil pact new econom strategi success need serious carrot stick approach proper sanction good council think taskforc replac right initi duti commiss time wast commiss must come forward global legisl propos third prioriti singl market engin econom growth tabl excel report mario monti messag simpl report must carri incomprehens exampl still today take almost forti hour travel train central eastern european countri brussel pari amsterdam peopl suppos feel connect market fulli integr let us therefor urgent invest new tran european network fourth prioriti concern budget new financi framework let clear aim govern reduc budget percent ridicul time european solut need understand reduc huge fiscal deficit want cut direct contribut union henc propos decreas nation contribut replac european resourc fifth prioriti credibl world establish extern action servic increas credibl cours enough ask ladi ashton also develop new strategi union extern polici former framework javier solana date sinc world chang strateg framework without strateg framework abl convinc world vision happen debat climat chang must admit european union lost leadership copenhagen allow listen conclus other agre know cancun look set failur well one way turn tide european union must regain leadership use one voic promot one vision final presid colleagu want tell dismay yes confus basic reason union protect civil liberti human right outsid eu especi within eu mean solemn happen franc unaccept unaccept unfortun isol case j note sever govern face challeng econom crisi gradual sink kind populist temptat xenophobia racism exploit anxieti fear stigmat minor dubious amalgam around migrat say emphat attitud incompat principl valu union one finest largest polit idea mind heart man born wide area freedom justic toler world seen date j hear say forc roma european citizen fullyfledg citizen never accept right violat never world beset uncertainti europ must remain ever contin freedom toler justic commiss mr speaker guardian treati respond without concess right institut duti existenti foundat europ less root anchor heart conscious european thank attent,"<p>Dear President of the Commission,</p><p>Dear colleagues,</p><p>Let us be honest.</p><p>Last year was a difficult year for the Union.</p><p>The problems were big, but the unity to solve them very small.</p><p>Greece was on the brink of collapse.</p><p>The euro under massive attack.</p><p>It took several months before the European governments could finally agree to save a Member-State and to save our common currency. </p><p>So, for me, it is no surprise that the confidence of the citizens in Europe dropped dramatically.</p><p>The latest Eurobarometer shows that less than half of our citizens, think their country?s membership is a good thing.</p><p>And the trust in our institutions dropped to 42 percent.</p><p>This is alarming. But no surprise.</p><p>Many times the this Parliament urged European leaders to end the standstill. To move forward. To quit protectionism and nationalism. And to work on 'European' solutions.</p><p>And that is also what the European citizens are asking for. </p><p>In the same Eurobarometer 86 percent of the people want a European economic governance. They believe that only the Union can provide solutions for the financial and economic crisis. But they don't see it happen. And that is the reason for their disappointment in the Union.</p><p>Mister President,</p><p>I know that for the Commission too it has been a difficult year. </p><p>In fact it was only half a year. </p><p>The time our capitals needed to realize there is a new Treaty.</p><p>With a new way of working and a new balance of power.</p><p>Therefore we can say that today, it is the real start of your second term. </p><p>A second term that needs a new vision, new answers.</p><p>In any case, it is time to change towards a higher gear. </p><p>To realise this year seven important reforms.</p><p>First of all finalising our response to the financial crisis.</p><p>We have already provisions for capital requirements and bonuses. The stress tests have been undertaken. And last week we found an agreement in the new financial supervision. A good agreement I think. Not at least because the leadership of the President of the European Central Bank is a guarantee for the European approach to that supervision.</p><p>But that doesn?t mean we are already there. Far from that. We are not even halfway. We still need the Commission to come forward urgently with legislative proposals on derivatives, on short selling, on credit rating agencies, on banking resolution, on market abuse and on trading and financial instruments.</p><p>Secondly, we need genuine European economic governance. </p><p>Last year has shown that a common currency without a common economic policy simply doesn?t make sense. It's nonsense. Even worse, it is a dangerous situation. We cannot afford to be one Union with 27 different economic strategies. </p><p>It is crystal clear: if we want the Growth and Stability Pact and the new economic strategy to be a success, we need a serious ?carrot and stick? approach, with proper sanctions. It is good that the Council is thinking about this in a Taskforce. But this can?t replace the right of initiative, the duty of the Commission.</p><p>There is no time to waste. Now the Commission must come forward with a global legislative proposal.</p><p>Third priority: the Single Market, the engine of economic growth. </p><p>On the table we have an excellent report of Mario Monti.  Our message is very simple: this report must be carried out. It is incomprehensible for example, that still today it takes almost forty hours to travel by train from Central ? and Eastern European countries to Brussels, Paris or Amsterdam. How are these people supposed to feel connected? How can these markets be fully integrated. Let us therefore urgently invest in new Trans European Networks. </p><p>Our fourth priority concerns the budget and the new financial framework. Let's be very clear on this: the aim of some governments to reduce the budget with 20 or 30 percent is ridiculous in times when more European solutions are needed. I understand that to reduce their huge fiscal deficits, they want to cut their direct contributions to the Union. Hence our proposal to decrease national contributions and replace them by own European resources. </p><p>Our fifth priority is about our credibility in the world. We are establishing an External Action Service to increase that credibility. But this is of course not enough. We ask Lady Ashton also to develop a new strategy for the Union?s external policy. The former framework from Javier Solana dates from 2003. Since then the world has changed, and so should our strategic framework.</p><p>Because without strategic framework we will not be able to convince the world of our vision. As happened in the debate of climate change, where we must admit the European Union has lost its leadership. In Copenhagen we were only allowed to listen to the conclusions others had agreed on. And from what we know now, Cancun looks set for failure as well. There is only one way to turn the tide. The European Union must regain its leadership. By using one voice and promoting one vision. </p><p>Enfin Messieurs les Présidents, chers collègues,</p><p>Je veux vous dire mon désarroi. </p><p>Oui désarroi à propos de ce qui est fondamentalement la raison d?être de notre Union, la protection des libertés civiles et des droits humains.  A l?extérieur de l?UE mais aussi et surtout à l?intérieur de l?UE .</p><p>Je veux dire avec solennité que ce qui se passe en France est inacceptable.  Inacceptable. Et malheureusement ce n?est pas un cas isolé. J?observe que plusieurs gouvernements confrontés aux difficultés de la crise économique sombrent progressivement dans une sorte de tentation du populisme de la xénophobie et du racisme. </p><p>Ils instrumentalisent les inquiétudes et la peur de l?autre. Ils stigmatisent des minorités. Ils  font des amalgames douteux autour de la migration. Je le dis avec force:  cette attitude est incompatible avec les principes et les valeurs qui fondent notre Union, une des plus belles et des plus grandes idées politique que l?esprit et le c?ur de l?homme ait fait naitre, le plus vaste espace de liberté, de justice, de tolérance que le monde ait connu à ce jour. </p><p>J?entends le dire avec force, les Roms sont des citoyens européens, des citoyens à part entière.  Nous ne pourrons jamais accepter que leurs droits soient violés. Jamais. Dans un monde en proie à toutes les incertitudes, l?Europe doit rester plus que jamais le continent de liberté, de tolérance et de justice. </p><p>La Commission, monsieur le Président, gardien des Traités, doit réagir sans aucune concession. Ce n'est pas son droit, c'est son devoir institutionnel.</p><p>Il s'agit des fondements existentiels de l?Europe. </p><p>Ni plus ni moins. </p><p>De ces racines ancrées au c?ur de notre conscience d?européen. </p><p>Merci pour votre attention.</p>",entr
